{"cameraMode":{"drawMode":0,"name":"Shaded","section":"Shading Mode"},"sceneLighting":true,"audioPlay":false,"sceneViewState":{"showFog":true,"showMaterialUpdate":false,"showSkybox":true,"showFlares":true,"showImageEffects":true,"showParticleSystems":true},"in2DMode":false,"pivot":{"x":2.2854208946228029,"y":-6.822490692138672,"z":-6.5451860427856449},"rotation":{"x":0.36010053753852847,"y":0.5311535596847534,"z":-0.265878289937973,"w":0.7193840146064758},"size":37.14724349975586,"orthographic":false}