{"cameraMode":{"drawMode":0,"name":"Shaded","section":"Shading Mode"},"sceneLighting":true,"audioPlay":false,"sceneViewState":{"showFog":true,"showMaterialUpdate":false,"showSkybox":true,"showFlares":true,"showImageEffects":true,"showParticleSystems":true},"in2DMode":false,"pivot":{"x":2.0490009784698488,"y":-3.6653103828430177,"z":2.43359375},"rotation":{"x":0.5083204507827759,"y":-0.06446358561515808,"z":0.038195688277482989,"w":0.8579022288322449},"size":24.903297424316408,"orthographic":false}